Vide;Time;Value
-------------------- N11 --------------------
2018-06-21T15:26:17.9850000;0;456.402478102969
2018-06-21T15:26:17.9870000;2;456.402478102969
2018-06-21T15:26:17.9890000;4;456.613971373638
2018-06-21T15:26:17.9910000;6;455.979491561632
2018-06-21T15:26:17.9930000;8;454.287545396283
2018-06-21T15:26:17.9950000;10;448.154240546892
2018-06-21T15:26:17.9970000;12;440.751976073489
2018-06-21T15:26:17.9990000;14;433.138218329417
2018-06-21T15:26:18.0010000;16;429.119846186712
2018-06-21T15:26:18.0030000;18;426.370433668020
2018-06-21T15:26:18.0050000;20;425.524460585345
2018-06-21T15:26:18.0070000;22;425.101474044008
2018-06-21T15:26:18.0090000;24;425.101474044008
2018-06-21T15:26:18.0110000;26;426.370433668020
2018-06-21T15:26:18.0130000;28;429.542832728050
2018-06-21T15:26:18.0150000;30;437.368083742790
2018-06-21T15:26:18.0170000;32;446.250801110874
2018-06-21T15:26:18.0190000;34;456.402478102969
2018-06-21T15:26:18.0210000;36;462.112796411023
2018-06-21T15:26:18.0230000;38;466.131168553728
2018-06-21T15:26:18.0250000;40;468.669087801752
2018-06-21T15:26:18.0270000;42;470.149540696432
2018-06-21T15:26:18.0290000;44;471.418500320444
2018-06-21T15:26:18.0310000;46;471.629993591113
2018-06-21T15:26:18.0330000;48;471.629993591113
2018-06-21T15:26:18.0350000;50;471.207007049776
2018-06-21T15:26:18.0370000;52;470.361033967101
2018-06-21T15:26:18.0390000;54;469.303567613758
2018-06-21T15:26:18.0410000;56;468.457594531083
2018-06-21T15:26:18.0430000;58;467.611621448408
2018-06-21T15:26:18.0450000;60;465.285195471053
2018-06-21T15:26:18.0470000;62;464.650715659047
2018-06-21T15:26:18.0490000;64;463.381756035035
2018-06-21T15:26:18.0510000;66;463.170262764367
2018-06-21T15:26:18.0530000;68;462.324289681692
2018-06-21T15:26:18.0550000;70;461.901303140355
2018-06-21T15:26:18.0570000;72;460.843836787011
2018-06-21T15:26:18.0590000;74;460.209356975005
2018-06-21T15:26:18.0610000;76;459.786370433668
2018-06-21T15:26:18.0630000;78;459.786370433668
2018-06-21T15:26:18.0650000;80;460.420850245674
2018-06-21T15:26:18.0670000;82;459.997863704337
2018-06-21T15:26:18.0690000;84;459.786370433668
2018-06-21T15:26:18.0710000;86;458.728904080325
2018-06-21T15:26:18.0730000;88;458.305917538987
2018-06-21T15:26:18.0750000;90;458.305917538987
2018-06-21T15:26:18.0770000;92;457.459944456313
2018-06-21T15:26:18.0790000;94;457.459944456313
2018-06-21T15:26:18.0810000;96;457.459944456313
2018-06-21T15:26:18.0830000;98;457.036957914975
2018-06-21T15:26:18.0850000;100;457.036957914975
2018-06-21T15:26:18.0870000;102;457.882930997650
2018-06-21T15:26:18.0890000;104;458.094424268319
2018-06-21T15:26:18.0910000;106;458.305917538987
2018-06-21T15:26:18.0930000;108;457.248451185644
2018-06-21T15:26:18.0950000;110;456.613971373638
2018-06-21T15:26:18.0970000;112;456.402478102969
2018-06-21T15:26:18.0990000;114;455.979491561632
2018-06-21T15:26:18.1010000;116;455.767998290963
2018-06-21T15:26:18.1030000;118;455.767998290963
2018-06-21T15:26:18.1050000;120;455.133518478958
2018-06-21T15:26:18.1070000;122;454.287545396283
2018-06-21T15:26:18.1090000;124;454.076052125614
2018-06-21T15:26:18.1110000;126;454.287545396283
2018-06-21T15:26:18.1130000;128;454.922025208289
2018-06-21T15:26:18.1150000;130;455.556505020295
2018-06-21T15:26:18.1170000;132;455.767998290963
2018-06-21T15:26:18.1190000;134;455.556505020295
2018-06-21T15:26:18.1210000;136;455.133518478958
2018-06-21T15:26:18.1230000;138;454.922025208289
2018-06-21T15:26:18.1250000;140;455.133518478958
2018-06-21T15:26:18.1270000;142;454.710531937620
2018-06-21T15:26:18.1290000;144;453.864558854946
2018-06-21T15:26:18.1310000;146;453.653065584277
2018-06-21T15:26:18.1330000;148;453.653065584277
2018-06-21T15:26:18.1350000;150;453.018585772271
2018-06-21T15:26:18.1370000;152;451.961119418928
2018-06-21T15:26:18.1390000;154;451.961119418928
2018-06-21T15:26:18.1410000;156;451.749626148259
2018-06-21T15:26:18.1430000;158;451.961119418928
2018-06-21T15:26:18.1450000;160;451.749626148259
2018-06-21T15:26:18.1470000;162;451.961119418928
2018-06-21T15:26:18.1490000;164;451.961119418928
2018-06-21T15:26:18.1510000;166;451.749626148259
2018-06-21T15:26:18.1530000;168;451.115146336253
2018-06-21T15:26:18.1550000;170;451.538132877590
2018-06-21T15:26:18.1570000;172;452.384105960265
2018-06-21T15:26:18.1590000;174;452.172612689596
2018-06-21T15:26:18.1610000;176;452.384105960265
2018-06-21T15:26:18.1630000;178;452.384105960265
2018-06-21T15:26:18.1650000;180;452.172612689596
2018-06-21T15:26:18.1670000;182;451.961119418928
2018-06-21T15:26:18.1690000;184;451.961119418928
2018-06-21T15:26:18.1710000;186;452.172612689596
2018-06-21T15:26:18.1730000;188;452.595599230934
2018-06-21T15:26:18.1750000;190;452.595599230934
2018-06-21T15:26:18.1770000;192;451.961119418928
2018-06-21T15:26:18.1790000;194;452.595599230934
2018-06-21T15:26:18.1810000;196;452.384105960265
2018-06-21T15:26:18.1830000;198;451.749626148259
2018-06-21T15:26:18.1850000;200;451.538132877590
2018-06-21T15:26:18.1870000;202;451.538132877590
2018-06-21T15:26:18.1890000;204;451.115146336253
2018-06-21T15:26:18.1910000;206;451.115146336253
2018-06-21T15:26:18.1930000;208;451.115146336253
2018-06-21T15:26:18.1950000;210;450.903653065584
2018-06-21T15:26:18.1970000;212;451.538132877590
2018-06-21T15:26:18.1990000;214;451.115146336253
2018-06-21T15:26:18.2010000;216;451.749626148259
2018-06-21T15:26:18.2030000;218;451.961119418928
2018-06-21T15:26:18.2050000;220;453.018585772271
2018-06-21T15:26:18.2070000;222;453.653065584277
2018-06-21T15:26:18.2090000;224;454.287545396283
2018-06-21T15:26:18.2110000;226;454.922025208289
2018-06-21T15:26:18.2130000;228;454.922025208289
2018-06-21T15:26:18.2150000;230;455.133518478958
2018-06-21T15:26:18.2170000;232;455.133518478958
2018-06-21T15:26:18.2190000;234;455.345011749626
2018-06-21T15:26:18.2210000;236;455.979491561632
2018-06-21T15:26:18.2230000;238;455.979491561632
2018-06-21T15:26:18.2250000;240;455.979491561632
2018-06-21T15:26:18.2270000;242;455.556505020295
2018-06-21T15:26:18.2290000;244;454.922025208289
2018-06-21T15:26:18.2310000;246;454.287545396283
2018-06-21T15:26:18.2330000;248;454.076052125614
2018-06-21T15:26:18.2350000;250;454.076052125614
2018-06-21T15:26:18.2370000;252;454.076052125614
2018-06-21T15:26:18.2390000;254;453.864558854946
2018-06-21T15:26:18.2410000;256;453.230079042940
2018-06-21T15:26:18.2430000;258;453.018585772271
2018-06-21T15:26:18.2450000;260;453.018585772271
2018-06-21T15:26:18.2470000;262;453.230079042940
2018-06-21T15:26:18.2490000;264;453.653065584277
2018-06-21T15:26:18.2510000;266;454.287545396283
2018-06-21T15:26:18.2530000;268;454.922025208289
2018-06-21T15:26:18.2550000;270;455.133518478958
2018-06-21T15:26:18.2570000;272;455.133518478958
2018-06-21T15:26:18.2590000;274;455.345011749626
2018-06-21T15:26:18.2610000;276;455.767998290963
2018-06-21T15:26:18.2630000;278;455.979491561632
2018-06-21T15:26:18.2650000;280;455.979491561632
2018-06-21T15:26:18.2670000;282;455.979491561632
2018-06-21T15:26:18.2690000;284;455.979491561632
2018-06-21T15:26:18.2710000;286;455.556505020295
2018-06-21T15:26:18.2730000;288;455.767998290963
2018-06-21T15:26:18.2750000;290;455.345011749626
2018-06-21T15:26:18.2770000;292;455.556505020295
2018-06-21T15:26:18.2790000;294;455.345011749626
2018-06-21T15:26:18.2810000;296;454.922025208289
2018-06-21T15:26:18.2830000;298;455.133518478958
2018-06-21T15:26:18.2850000;300;455.133518478958
2018-06-21T15:26:18.2870000;302;455.133518478958
2018-06-21T15:26:18.2890000;304;455.133518478958
2018-06-21T15:26:18.2910000;306;455.345011749626
2018-06-21T15:26:18.2930000;308;455.556505020295
2018-06-21T15:26:18.2950000;310;455.767998290963
2018-06-21T15:26:18.2970000;312;455.556505020295
2018-06-21T15:26:18.2990000;314;455.767998290963
2018-06-21T15:26:18.3010000;316;455.767998290963
2018-06-21T15:26:18.3030000;318;455.767998290963
2018-06-21T15:26:18.3050000;320;455.345011749626
2018-06-21T15:26:18.3070000;322;455.345011749626
2018-06-21T15:26:18.3090000;324;455.345011749626
2018-06-21T15:26:18.3110000;326;454.922025208289
2018-06-21T15:26:18.3130000;328;454.287545396283
2018-06-21T15:26:18.3150000;330;454.710531937620
2018-06-21T15:26:18.3170000;332;454.287545396283
2018-06-21T15:26:18.3190000;334;453.864558854946
2018-06-21T15:26:18.3210000;336;453.230079042940
2018-06-21T15:26:18.3230000;338;453.018585772271
2018-06-21T15:26:18.3250000;340;453.018585772271
2018-06-21T15:26:18.3270000;342;452.595599230934
2018-06-21T15:26:18.3290000;344;452.595599230934
2018-06-21T15:26:18.3310000;346;453.230079042940
2018-06-21T15:26:18.3330000;348;453.230079042940
2018-06-21T15:26:18.3350000;350;453.230079042940
2018-06-21T15:26:18.3370000;352;453.441572313608
2018-06-21T15:26:18.3390000;354;453.864558854946
2018-06-21T15:26:18.3410000;356;454.287545396283
2018-06-21T15:26:18.3430000;358;454.710531937620
2018-06-21T15:26:18.3450000;360;454.710531937620
2018-06-21T15:26:18.3470000;362;455.133518478958
2018-06-21T15:26:18.3490000;364;455.345011749626
2018-06-21T15:26:18.3510000;366;455.345011749626
2018-06-21T15:26:18.3530000;368;455.767998290963
2018-06-21T15:26:18.3550000;370;455.979491561632
2018-06-21T15:26:18.3570000;372;455.556505020295
2018-06-21T15:26:18.3590000;374;455.556505020295
2018-06-21T15:26:18.3610000;376;455.767998290963
2018-06-21T15:26:18.3630000;378;455.767998290963
2018-06-21T15:26:18.3650000;380;455.979491561632
2018-06-21T15:26:18.3670000;382;456.402478102969
2018-06-21T15:26:18.3690000;384;455.979491561632
2018-06-21T15:26:18.3710000;386;455.556505020295
2018-06-21T15:26:18.3730000;388;454.922025208289
2018-06-21T15:26:18.3750000;390;454.710531937620
2018-06-21T15:26:18.3770000;392;454.922025208289
2018-06-21T15:26:18.3790000;394;454.922025208289
2018-06-21T15:26:18.3810000;396;454.922025208289
2018-06-21T15:26:18.3830000;398;454.922025208289
2018-06-21T15:26:18.3850000;400;455.133518478958
2018-06-21T15:26:18.3870000;402;454.922025208289
2018-06-21T15:26:18.3890000;404;454.922025208289
2018-06-21T15:26:18.3910000;406;455.345011749626
2018-06-21T15:26:18.3930000;408;456.402478102969
2018-06-21T15:26:18.3950000;410;456.825464644307
2018-06-21T15:26:18.3970000;412;456.825464644307
2018-06-21T15:26:18.3990000;414;456.825464644307
2018-06-21T15:26:18.4010000;416;457.036957914975
2018-06-21T15:26:18.4030000;418;457.248451185644
2018-06-21T15:26:18.4050000;420;457.248451185644
2018-06-21T15:26:18.4070000;422;457.882930997650
2018-06-21T15:26:18.4090000;424;458.094424268319
2018-06-21T15:26:18.4110000;426;458.094424268319
2018-06-21T15:26:18.4130000;428;457.882930997650
2018-06-21T15:26:18.4150000;430;458.094424268319
2018-06-21T15:26:18.4170000;432;457.882930997650
2018-06-21T15:26:18.4190000;434;458.305917538987
2018-06-21T15:26:18.4210000;436;458.094424268319
2018-06-21T15:26:18.4230000;438;458.094424268319
2018-06-21T15:26:18.4250000;440;458.094424268319
2018-06-21T15:26:18.4270000;442;457.882930997650
2018-06-21T15:26:18.4290000;444;458.305917538987
2018-06-21T15:26:18.4310000;446;458.517410809656
2018-06-21T15:26:18.4330000;448;458.517410809656
2018-06-21T15:26:18.4350000;450;458.517410809656
2018-06-21T15:26:18.4370000;452;459.151890621662
2018-06-21T15:26:18.4390000;454;459.574877162999
2018-06-21T15:26:18.4410000;456;459.786370433668
2018-06-21T15:26:18.4430000;458;459.997863704337
2018-06-21T15:26:18.4450000;460;459.997863704337
2018-06-21T15:26:18.4470000;462;459.786370433668
2018-06-21T15:26:18.4490000;464;458.940397350993
2018-06-21T15:26:18.4510000;466;459.151890621662
2018-06-21T15:26:18.4530000;468;459.151890621662
2018-06-21T15:26:18.4550000;470;459.151890621662
2018-06-21T15:26:18.4570000;472;458.728904080325
2018-06-21T15:26:18.4590000;474;458.305917538987
2018-06-21T15:26:18.4610000;476;458.094424268319
2018-06-21T15:26:18.4630000;478;457.459944456313
2018-06-21T15:26:18.4650000;480;456.825464644307
2018-06-21T15:26:18.4670000;482;457.036957914975
2018-06-21T15:26:18.4690000;484;456.613971373638
2018-06-21T15:26:18.4710000;486;456.402478102969
2018-06-21T15:26:18.4730000;488;456.402478102969
2018-06-21T15:26:18.4750000;490;456.402478102969
2018-06-21T15:26:18.4770000;492;455.767998290963
2018-06-21T15:26:18.4790000;494;455.979491561632
2018-06-21T15:26:18.4810000;496;456.402478102969
2018-06-21T15:26:18.4830000;498;455.767998290963
2018-06-21T15:26:18.4850000;500;457.248451185644
2018-06-21T15:26:18.4870000;502;457.248451185644
2018-06-21T15:26:18.4890000;504;458.517410809656
2018-06-21T15:26:18.4910000;506;458.517410809656
2018-06-21T15:26:18.4930000;508;458.940397350993
2018-06-21T15:26:18.4950000;510;458.940397350993
2018-06-21T15:26:18.4970000;512;459.574877162999
2018-06-21T15:26:18.4990000;514;459.151890621662
2018-06-21T15:26:18.5010000;516;459.151890621662
2018-06-21T15:26:18.5030000;518;459.151890621662
2018-06-21T15:26:18.5050000;520;458.728904080325
2018-06-21T15:26:18.5070000;522;458.728904080325
2018-06-21T15:26:18.5090000;524;458.305917538987
2018-06-21T15:26:18.5110000;526;457.882930997650
2018-06-21T15:26:18.5130000;528;457.036957914975
2018-06-21T15:26:18.5150000;530;455.979491561632
2018-06-21T15:26:18.5170000;532;455.556505020295
2018-06-21T15:26:18.5190000;534;455.767998290963
2018-06-21T15:26:18.5210000;536;455.767998290963
2018-06-21T15:26:18.5230000;538;456.402478102969
2018-06-21T15:26:18.5250000;540;455.979491561632
2018-06-21T15:26:18.5270000;542;455.979491561632
2018-06-21T15:26:18.5290000;544;455.767998290963
2018-06-21T15:26:18.5310000;546;455.767998290963
2018-06-21T15:26:18.5330000;548;456.402478102969
2018-06-21T15:26:18.5350000;550;457.248451185644
2018-06-21T15:26:18.5370000;552;457.882930997650
2018-06-21T15:26:18.5390000;554;458.305917538987
2018-06-21T15:26:18.5410000;556;458.305917538987
2018-06-21T15:26:18.5430000;558;458.517410809656
2018-06-21T15:26:18.5450000;560;458.094424268319
2018-06-21T15:26:18.5470000;562;458.094424268319
2018-06-21T15:26:18.5490000;564;458.517410809656
2018-06-21T15:26:18.5510000;566;458.940397350993
2018-06-21T15:26:18.5530000;568;458.728904080325
2018-06-21T15:26:18.5550000;570;459.151890621662
2018-06-21T15:26:18.5570000;572;458.728904080325
2018-06-21T15:26:18.5590000;574;458.517410809656
2018-06-21T15:26:18.5610000;576;458.305917538987
2018-06-21T15:26:18.5630000;578;458.517410809656
2018-06-21T15:26:18.5650000;580;458.728904080325
2018-06-21T15:26:18.5670000;582;459.151890621662
2018-06-21T15:26:18.5690000;584;458.517410809656
2018-06-21T15:26:18.5710000;586;458.728904080325
2018-06-21T15:26:18.5730000;588;458.517410809656
2018-06-21T15:26:18.5750000;590;458.305917538987
2018-06-21T15:26:18.5770000;592;458.517410809656
2018-06-21T15:26:18.5790000;594;458.728904080325
2018-06-21T15:26:18.5810000;596;458.940397350993
2018-06-21T15:26:18.5830000;598;458.728904080325
2018-06-21T15:26:18.5850000;600;458.517410809656
2018-06-21T15:26:18.5870000;602;458.728904080325
2018-06-21T15:26:18.5890000;604;459.151890621662
2018-06-21T15:26:18.5910000;606;459.151890621662
2018-06-21T15:26:18.5930000;608;458.940397350993
2018-06-21T15:26:18.5950000;610;459.151890621662
2018-06-21T15:26:18.5970000;612;458.940397350993
2018-06-21T15:26:18.5990000;614;458.728904080325
2018-06-21T15:26:18.6010000;616;458.517410809656
2018-06-21T15:26:18.6030000;618;457.882930997650
2018-06-21T15:26:18.6050000;620;457.036957914975
2018-06-21T15:26:18.6070000;622;455.979491561632
2018-06-21T15:26:18.6090000;624;455.345011749626
2018-06-21T15:26:18.6110000;626;455.556505020295
2018-06-21T15:26:18.6130000;628;455.767998290963
2018-06-21T15:26:18.6150000;630;455.767998290963
2018-06-21T15:26:18.6170000;632;455.767998290963
2018-06-21T15:26:18.6190000;634;456.402478102969
2018-06-21T15:26:18.6210000;636;456.613971373638
2018-06-21T15:26:18.6230000;638;457.459944456313
2018-06-21T15:26:18.6250000;640;458.517410809656
2018-06-21T15:26:18.6270000;642;459.151890621662
2018-06-21T15:26:18.6290000;644;459.574877162999
2018-06-21T15:26:18.6310000;646;459.786370433668
2018-06-21T15:26:18.6330000;648;458.940397350993
2018-06-21T15:26:18.6350000;650;458.728904080325
2018-06-21T15:26:18.6370000;652;458.517410809656
2018-06-21T15:26:18.6390000;654;457.882930997650
2018-06-21T15:26:18.6410000;656;457.459944456313
2018-06-21T15:26:18.6430000;658;457.459944456313
2018-06-21T15:26:18.6450000;660;457.248451185644
2018-06-21T15:26:18.6470000;662;458.094424268319
2018-06-21T15:26:18.6490000;664;457.882930997650
2018-06-21T15:26:18.6510000;666;456.825464644307
2018-06-21T15:26:18.6530000;668;456.402478102969
2018-06-21T15:26:18.6550000;670;456.613971373638
2018-06-21T15:26:18.6570000;672;456.825464644307
2018-06-21T15:26:18.6590000;674;457.036957914975
2018-06-21T15:26:18.6610000;676;457.248451185644
2018-06-21T15:26:18.6630000;678;456.825464644307
2018-06-21T15:26:18.6650000;680;457.036957914975
2018-06-21T15:26:18.6670000;682;455.979491561632
2018-06-21T15:26:18.6690000;684;455.979491561632
2018-06-21T15:26:18.6710000;686;456.825464644307
2018-06-21T15:26:18.6730000;688;457.248451185644
2018-06-21T15:26:18.6750000;690;456.825464644307
2018-06-21T15:26:18.6770000;692;456.613971373638
2018-06-21T15:26:18.6790000;694;456.402478102969
2018-06-21T15:26:18.6810000;696;455.979491561632
2018-06-21T15:26:18.6830000;698;456.402478102969
2018-06-21T15:26:18.6850000;700;455.979491561632
2018-06-21T15:26:18.6870000;702;455.979491561632
2018-06-21T15:26:18.6890000;704;455.979491561632
2018-06-21T15:26:18.6910000;706;456.402478102969
2018-06-21T15:26:18.6930000;708;456.825464644307
2018-06-21T15:26:18.6950000;710;457.036957914975
2018-06-21T15:26:18.6970000;712;457.036957914975
2018-06-21T15:26:18.6990000;714;457.036957914975
2018-06-21T15:26:18.7010000;716;457.248451185644
2018-06-21T15:26:18.7030000;718;456.613971373638
2018-06-21T15:26:18.7050000;720;456.613971373638
2018-06-21T15:26:18.7070000;722;456.825464644307
2018-06-21T15:26:18.7090000;724;456.825464644307
2018-06-21T15:26:18.7110000;726;456.825464644307
2018-06-21T15:26:18.7130000;728;456.613971373638
2018-06-21T15:26:18.7150000;730;456.613971373638
2018-06-21T15:26:18.7170000;732;457.248451185644
2018-06-21T15:26:18.7190000;734;457.248451185644
2018-06-21T15:26:18.7210000;736;457.036957914975
2018-06-21T15:26:18.7230000;738;457.459944456313
2018-06-21T15:26:18.7250000;740;458.094424268319
2018-06-21T15:26:18.7270000;742;458.305917538987
2018-06-21T15:26:18.7290000;744;458.517410809656
2018-06-21T15:26:18.7310000;746;458.305917538987
2018-06-21T15:26:18.7330000;748;458.305917538987
2018-06-21T15:26:18.7350000;750;458.517410809656
2018-06-21T15:26:18.7370000;752;458.094424268319
2018-06-21T15:26:18.7390000;754;457.882930997650
2018-06-21T15:26:18.7410000;756;458.094424268319
2018-06-21T15:26:18.7430000;758;457.036957914975
2018-06-21T15:26:18.7450000;760;455.767998290963
2018-06-21T15:26:18.7470000;762;455.345011749626
2018-06-21T15:26:18.7490000;764;455.133518478958
2018-06-21T15:26:18.7510000;766;454.922025208289
2018-06-21T15:26:18.7530000;768;454.710531937620
2018-06-21T15:26:18.7550000;770;454.710531937620
2018-06-21T15:26:18.7570000;772;454.710531937620
2018-06-21T15:26:18.7590000;774;454.710531937620
2018-06-21T15:26:18.7610000;776;454.922025208289
2018-06-21T15:26:18.7630000;778;455.767998290963
2018-06-21T15:26:18.7650000;780;457.036957914975
2018-06-21T15:26:18.7670000;782;457.248451185644
2018-06-21T15:26:18.7690000;784;457.882930997650
2018-06-21T15:26:18.7710000;786;458.728904080325
2018-06-21T15:26:18.7730000;788;459.151890621662
2018-06-21T15:26:18.7750000;790;459.574877162999
2018-06-21T15:26:18.7770000;792;459.786370433668
2018-06-21T15:26:18.7790000;794;459.786370433668
2018-06-21T15:26:18.7810000;796;459.574877162999
2018-06-21T15:26:18.7830000;798;459.786370433668
2018-06-21T15:26:18.7850000;800;459.997863704337
2018-06-21T15:26:18.7870000;802;459.574877162999
2018-06-21T15:26:18.7890000;804;458.728904080325
2018-06-21T15:26:18.7910000;806;458.305917538987
2018-06-21T15:26:18.7930000;808;457.882930997650
2018-06-21T15:26:18.7950000;810;457.882930997650
2018-06-21T15:26:18.7970000;812;457.248451185644
2018-06-21T15:26:18.7990000;814;457.248451185644
2018-06-21T15:26:18.8010000;816;456.825464644307
2018-06-21T15:26:18.8030000;818;456.825464644307
2018-06-21T15:26:18.8050000;820;455.979491561632
2018-06-21T15:26:18.8070000;822;456.402478102969
2018-06-21T15:26:18.8090000;824;456.402478102969
2018-06-21T15:26:18.8110000;826;456.402478102969
2018-06-21T15:26:18.8130000;828;455.979491561632
2018-06-21T15:26:18.8150000;830;455.767998290963
2018-06-21T15:26:18.8170000;832;455.979491561632
2018-06-21T15:26:18.8190000;834;455.979491561632
2018-06-21T15:26:18.8210000;836;456.402478102969
2018-06-21T15:26:18.8230000;838;455.979491561632
2018-06-21T15:26:18.8250000;840;456.402478102969
2018-06-21T15:26:18.8270000;842;456.613971373638
2018-06-21T15:26:18.8290000;844;456.613971373638
2018-06-21T15:26:18.8310000;846;456.613971373638
2018-06-21T15:26:18.8330000;848;455.979491561632
2018-06-21T15:26:18.8350000;850;455.979491561632
2018-06-21T15:26:18.8370000;852;455.767998290963
2018-06-21T15:26:18.8390000;854;455.979491561632
2018-06-21T15:26:18.8410000;856;455.979491561632
2018-06-21T15:26:18.8430000;858;455.979491561632
2018-06-21T15:26:18.8450000;860;455.345011749626
2018-06-21T15:26:18.8470000;862;455.345011749626
2018-06-21T15:26:18.8490000;864;455.133518478958
2018-06-21T15:26:18.8510000;866;455.133518478958
2018-06-21T15:26:18.8530000;868;455.556505020295
2018-06-21T15:26:18.8550000;870;455.979491561632
2018-06-21T15:26:18.8570000;872;455.979491561632
2018-06-21T15:26:18.8590000;874;456.402478102969
2018-06-21T15:26:18.8610000;876;456.402478102969
2018-06-21T15:26:18.8630000;878;456.402478102969
2018-06-21T15:26:18.8650000;880;456.613971373638
2018-06-21T15:26:18.8670000;882;456.825464644307
2018-06-21T15:26:18.8690000;884;457.036957914975
2018-06-21T15:26:18.8710000;886;457.248451185644
2018-06-21T15:26:18.8730000;888;457.036957914975
2018-06-21T15:26:18.8750000;890;456.402478102969
2018-06-21T15:26:18.8770000;892;455.979491561632
2018-06-21T15:26:18.8790000;894;455.556505020295
2018-06-21T15:26:18.8810000;896;454.287545396283
2018-06-21T15:26:18.8830000;898;454.076052125614
2018-06-21T15:26:18.8850000;900;453.864558854946
2018-06-21T15:26:18.8870000;902;453.653065584277
2018-06-21T15:26:18.8890000;904;453.441572313608
2018-06-21T15:26:18.8910000;906;453.230079042940
2018-06-21T15:26:18.8930000;908;453.230079042940
2018-06-21T15:26:18.8950000;910;453.230079042940
2018-06-21T15:26:18.8970000;912;453.441572313608
2018-06-21T15:26:18.8990000;914;453.441572313608
2018-06-21T15:26:18.9010000;916;454.076052125614
2018-06-21T15:26:18.9030000;918;454.287545396283
2018-06-21T15:26:18.9050000;920;454.287545396283
2018-06-21T15:26:18.9070000;922;454.287545396283
2018-06-21T15:26:18.9090000;924;454.710531937620
2018-06-21T15:26:18.9110000;926;454.710531937620
2018-06-21T15:26:18.9130000;928;454.710531937620
2018-06-21T15:26:18.9150000;930;454.710531937620
2018-06-21T15:26:18.9170000;932;454.710531937620
2018-06-21T15:26:18.9190000;934;454.710531937620
2018-06-21T15:26:18.9210000;936;455.133518478958
2018-06-21T15:26:18.9230000;938;455.133518478958
2018-06-21T15:26:18.9250000;940;455.556505020295
2018-06-21T15:26:18.9270000;942;455.767998290963
2018-06-21T15:26:18.9290000;944;455.767998290963
2018-06-21T15:26:18.9310000;946;455.133518478958
2018-06-21T15:26:18.9330000;948;454.922025208289
2018-06-21T15:26:18.9350000;950;454.922025208289
2018-06-21T15:26:18.9370000;952;454.922025208289
2018-06-21T15:26:18.9390000;954;455.133518478958
2018-06-21T15:26:18.9410000;956;455.345011749626
2018-06-21T15:26:18.9430000;958;455.556505020295
2018-06-21T15:26:18.9450000;960;455.556505020295
2018-06-21T15:26:18.9470000;962;455.345011749626
2018-06-21T15:26:18.9490000;964;455.979491561632
2018-06-21T15:26:18.9510000;966;456.825464644307
2018-06-21T15:26:18.9530000;968;457.459944456313
2018-06-21T15:26:18.9550000;970;458.094424268319
2018-06-21T15:26:18.9570000;972;458.094424268319
2018-06-21T15:26:18.9590000;974;457.882930997650
2018-06-21T15:26:18.9610000;976;458.094424268319
2018-06-21T15:26:18.9630000;978;457.459944456313
2018-06-21T15:26:18.9650000;980;457.459944456313
2018-06-21T15:26:18.9670000;982;457.882930997650
2018-06-21T15:26:18.9690000;984;457.036957914975
2018-06-21T15:26:18.9710000;986;457.036957914975
2018-06-21T15:26:18.9730000;988;456.825464644307
2018-06-21T15:26:18.9750000;990;456.613971373638
2018-06-21T15:26:18.9770000;992;456.613971373638
2018-06-21T15:26:18.9790000;994;456.825464644307
2018-06-21T15:26:18.9810000;996;456.402478102969
2018-06-21T15:26:18.9830000;998;456.402478102969
2018-06-21T15:26:18.9850000;1000;456.402478102969
2018-06-21T15:26:18.9870000;1002;455.979491561632
2018-06-21T15:26:18.9890000;1004;456.613971373638
2018-06-21T15:26:18.9910000;1006;456.402478102969
2018-06-21T15:26:18.9930000;1008;456.402478102969
2018-06-21T15:26:18.9950000;1010;456.402478102969
2018-06-21T15:26:18.9970000;1012;456.825464644307
2018-06-21T15:26:18.9990000;1014;456.825464644307
2018-06-21T15:26:19.0010000;1016;457.036957914975
2018-06-21T15:26:19.0030000;1018;457.036957914975
2018-06-21T15:26:19.0050000;1020;457.248451185644
2018-06-21T15:26:19.0070000;1022;458.094424268319
2018-06-21T15:26:19.0090000;1024;457.459944456313
2018-06-21T15:26:19.0110000;1026;457.882930997650
2018-06-21T15:26:19.0130000;1028;457.459944456313
2018-06-21T15:26:19.0150000;1030;458.094424268319
2018-06-21T15:26:19.0170000;1032;457.882930997650
2018-06-21T15:26:19.0190000;1034;458.305917538987
2018-06-21T15:26:19.0210000;1036;458.305917538987
2018-06-21T15:26:19.0230000;1038;457.882930997650
2018-06-21T15:26:19.0250000;1040;456.613971373638
2018-06-21T15:26:19.0270000;1042;456.402478102969
2018-06-21T15:26:19.0290000;1044;456.613971373638
2018-06-21T15:26:19.0310000;1046;456.402478102969
2018-06-21T15:26:19.0330000;1048;455.979491561632
2018-06-21T15:26:19.0350000;1050;455.767998290963
2018-06-21T15:26:19.0370000;1052;455.133518478958
2018-06-21T15:26:19.0390000;1054;454.710531937620
2018-06-21T15:26:19.0410000;1056;454.922025208289
2018-06-21T15:26:19.0430000;1058;455.345011749626
2018-06-21T15:26:19.0450000;1060;455.979491561632
2018-06-21T15:26:19.0470000;1062;455.979491561632
2018-06-21T15:26:19.0490000;1064;455.767998290963
2018-06-21T15:26:19.0510000;1066;455.767998290963
2018-06-21T15:26:19.0530000;1068;455.979491561632
2018-06-21T15:26:19.0550000;1070;456.613971373638
2018-06-21T15:26:19.0570000;1072;456.613971373638
2018-06-21T15:26:19.0590000;1074;456.825464644307
2018-06-21T15:26:19.0610000;1076;456.825464644307
2018-06-21T15:26:19.0630000;1078;457.036957914975
2018-06-21T15:26:19.0650000;1080;457.882930997650
2018-06-21T15:26:19.0670000;1082;457.459944456313
2018-06-21T15:26:19.0690000;1084;457.459944456313
2018-06-21T15:26:19.0710000;1086;457.459944456313
2018-06-21T15:26:19.0730000;1088;457.459944456313
2018-06-21T15:26:19.0750000;1090;457.248451185644
2018-06-21T15:26:19.0770000;1092;457.248451185644
2018-06-21T15:26:19.0790000;1094;457.036957914975
2018-06-21T15:26:19.0810000;1096;456.825464644307
2018-06-21T15:26:19.0830000;1098;456.613971373638
2018-06-21T15:26:19.0850000;1100;455.979491561632
2018-06-21T15:26:19.0870000;1102;456.825464644307
2018-06-21T15:26:19.0890000;1104;457.036957914975
2018-06-21T15:26:19.0910000;1106;457.248451185644
2018-06-21T15:26:19.0930000;1108;457.036957914975
2018-06-21T15:26:19.0950000;1110;457.036957914975
2018-06-21T15:26:19.0970000;1112;456.825464644307
2018-06-21T15:26:19.0990000;1114;457.036957914975
2018-06-21T15:26:19.1010000;1116;457.248451185644
2018-06-21T15:26:19.1030000;1118;457.459944456313
2018-06-21T15:26:19.1050000;1120;457.248451185644
2018-06-21T15:26:19.1070000;1122;457.248451185644
2018-06-21T15:26:19.1090000;1124;457.036957914975
2018-06-21T15:26:19.1110000;1126;456.613971373638
2018-06-21T15:26:19.1130000;1128;456.825464644307
2018-06-21T15:26:19.1150000;1130;456.825464644307
2018-06-21T15:26:19.1170000;1132;456.825464644307
2018-06-21T15:26:19.1190000;1134;456.613971373638
2018-06-21T15:26:19.1210000;1136;456.613971373638
2018-06-21T15:26:19.1230000;1138;456.402478102969
2018-06-21T15:26:19.1250000;1140;455.979491561632
2018-06-21T15:26:19.1270000;1142;455.979491561632
2018-06-21T15:26:19.1290000;1144;455.979491561632
2018-06-21T15:26:19.1310000;1146;456.613971373638
2018-06-21T15:26:19.1330000;1148;456.402478102969
2018-06-21T15:26:19.1350000;1150;456.402478102969
2018-06-21T15:26:19.1370000;1152;456.613971373638
2018-06-21T15:26:19.1390000;1154;456.613971373638
2018-06-21T15:26:19.1410000;1156;456.402478102969
2018-06-21T15:26:19.1430000;1158;456.613971373638
2018-06-21T15:26:19.1450000;1160;456.613971373638
2018-06-21T15:26:19.1470000;1162;456.613971373638
2018-06-21T15:26:19.1490000;1164;456.613971373638
2018-06-21T15:26:19.1510000;1166;455.979491561632
2018-06-21T15:26:19.1530000;1168;455.979491561632
2018-06-21T15:26:19.1550000;1170;455.767998290963
2018-06-21T15:26:19.1570000;1172;455.556505020295
2018-06-21T15:26:19.1590000;1174;455.556505020295
2018-06-21T15:26:19.1610000;1176;454.922025208289
2018-06-21T15:26:19.1630000;1178;454.710531937620
2018-06-21T15:26:19.1650000;1180;454.287545396283
2018-06-21T15:26:19.1670000;1182;454.710531937620
2018-06-21T15:26:19.1690000;1184;454.922025208289
2018-06-21T15:26:19.1710000;1186;455.345011749626
2018-06-21T15:26:19.1730000;1188;455.767998290963
2018-06-21T15:26:19.1750000;1190;456.402478102969
2018-06-21T15:26:19.1770000;1192;457.036957914975
2018-06-21T15:26:19.1790000;1194;457.248451185644
2018-06-21T15:26:19.1810000;1196;458.728904080325
2018-06-21T15:26:19.1830000;1198;458.728904080325
2018-06-21T15:26:19.1850000;1200;459.786370433668
2018-06-21T15:26:19.1870000;1202;459.574877162999
2018-06-21T15:26:19.1890000;1204;459.786370433668
2018-06-21T15:26:19.1910000;1206;459.574877162999
2018-06-21T15:26:19.1930000;1208;459.574877162999
2018-06-21T15:26:19.1950000;1210;459.151890621662
2018-06-21T15:26:19.1970000;1212;458.517410809656
2018-06-21T15:26:19.1990000;1214;458.094424268319
2018-06-21T15:26:19.2010000;1216;457.459944456313
2018-06-21T15:26:19.2030000;1218;457.248451185644
2018-06-21T15:26:19.2050000;1220;456.825464644307
2018-06-21T15:26:19.2070000;1222;456.613971373638
2018-06-21T15:26:19.2090000;1224;455.979491561632
2018-06-21T15:26:19.2110000;1226;455.979491561632
2018-06-21T15:26:19.2130000;1228;455.979491561632
2018-06-21T15:26:19.2150000;1230;456.402478102969
2018-06-21T15:26:19.2170000;1232;455.979491561632
2018-06-21T15:26:19.2190000;1234;456.402478102969
2018-06-21T15:26:19.2210000;1236;456.825464644307
2018-06-21T15:26:19.2230000;1238;457.036957914975
2018-06-21T15:26:19.2250000;1240;457.248451185644
2018-06-21T15:26:19.2270000;1242;457.882930997650
2018-06-21T15:26:19.2290000;1244;457.882930997650
2018-06-21T15:26:19.2310000;1246;458.517410809656
2018-06-21T15:26:19.2330000;1248;458.728904080325
2018-06-21T15:26:19.2350000;1250;458.305917538987
2018-06-21T15:26:19.2370000;1252;458.517410809656
2018-06-21T15:26:19.2390000;1254;458.728904080325
2018-06-21T15:26:19.2410000;1256;458.517410809656
2018-06-21T15:26:19.2430000;1258;458.305917538987
2018-06-21T15:26:19.2450000;1260;458.305917538987
2018-06-21T15:26:19.2470000;1262;458.094424268319
2018-06-21T15:26:19.2490000;1264;458.094424268319
2018-06-21T15:26:19.2510000;1266;457.248451185644
2018-06-21T15:26:19.2530000;1268;457.036957914975
2018-06-21T15:26:19.2550000;1270;456.825464644307
2018-06-21T15:26:19.2570000;1272;457.036957914975
2018-06-21T15:26:19.2590000;1274;457.036957914975
2018-06-21T15:26:19.2610000;1276;457.036957914975
2018-06-21T15:26:19.2630000;1278;457.248451185644
2018-06-21T15:26:19.2650000;1280;457.036957914975
2018-06-21T15:26:19.2670000;1282;456.613971373638
2018-06-21T15:26:19.2690000;1284;456.613971373638
2018-06-21T15:26:19.2710000;1286;456.825464644307
2018-06-21T15:26:19.2730000;1288;456.825464644307
2018-06-21T15:26:19.2750000;1290;457.248451185644
2018-06-21T15:26:19.2770000;1292;457.248451185644
2018-06-21T15:26:19.2790000;1294;457.248451185644
2018-06-21T15:26:19.2810000;1296;457.036957914975
2018-06-21T15:26:19.2830000;1298;456.825464644307
2018-06-21T15:26:19.2850000;1300;457.036957914975
2018-06-21T15:26:19.2870000;1302;457.036957914975
2018-06-21T15:26:19.2890000;1304;457.248451185644
2018-06-21T15:26:19.2910000;1306;457.248451185644
2018-06-21T15:26:19.2930000;1308;457.036957914975
2018-06-21T15:26:19.2950000;1310;457.036957914975
2018-06-21T15:26:19.2970000;1312;456.825464644307
2018-06-21T15:26:19.2990000;1314;457.036957914975
2018-06-21T15:26:19.3010000;1316;457.036957914975
2018-06-21T15:26:19.3030000;1318;456.825464644307
2018-06-21T15:26:19.3050000;1320;456.613971373638
2018-06-21T15:26:19.3070000;1322;456.825464644307
2018-06-21T15:26:19.3090000;1324;456.613971373638
2018-06-21T15:26:19.3110000;1326;456.613971373638
2018-06-21T15:26:19.3130000;1328;456.402478102969
2018-06-21T15:26:19.3150000;1330;456.402478102969
2018-06-21T15:26:19.3170000;1332;455.979491561632
2018-06-21T15:26:19.3190000;1334;455.979491561632
2018-06-21T15:26:19.3210000;1336;456.613971373638
2018-06-21T15:26:19.3230000;1338;456.825464644307
2018-06-21T15:26:19.3250000;1340;456.825464644307
2018-06-21T15:26:19.3270000;1342;456.825464644307
2018-06-21T15:26:19.3290000;1344;456.613971373638
2018-06-21T15:26:19.3310000;1346;455.979491561632
2018-06-21T15:26:19.3330000;1348;455.979491561632
2018-06-21T15:26:19.3350000;1350;455.979491561632
2018-06-21T15:26:19.3370000;1352;455.767998290963
2018-06-21T15:26:19.3390000;1354;455.767998290963
2018-06-21T15:26:19.3410000;1356;455.556505020295
2018-06-21T15:26:19.3430000;1358;455.133518478958
2018-06-21T15:26:19.3450000;1360;455.133518478958
2018-06-21T15:26:19.3470000;1362;454.710531937620
2018-06-21T15:26:19.3490000;1364;454.710531937620
2018-06-21T15:26:19.3510000;1366;454.076052125614
2018-06-21T15:26:19.3530000;1368;454.287545396283
2018-06-21T15:26:19.3550000;1370;454.287545396283
2018-06-21T15:26:19.3570000;1372;454.922025208289
2018-06-21T15:26:19.3590000;1374;454.710531937620
2018-06-21T15:26:19.3610000;1376;454.710531937620
2018-06-21T15:26:19.3630000;1378;454.922025208289
2018-06-21T15:26:19.3650000;1380;455.133518478958
2018-06-21T15:26:19.3670000;1382;455.345011749626
2018-06-21T15:26:19.3690000;1384;455.345011749626
2018-06-21T15:26:19.3710000;1386;455.979491561632
2018-06-21T15:26:19.3730000;1388;455.979491561632
2018-06-21T15:26:19.3750000;1390;456.402478102969
2018-06-21T15:26:19.3770000;1392;455.767998290963
2018-06-21T15:26:19.3790000;1394;456.402478102969
2018-06-21T15:26:19.3810000;1396;455.767998290963
2018-06-21T15:26:19.3830000;1398;455.979491561632
2018-06-21T15:26:19.3850000;1400;455.979491561632
2018-06-21T15:26:19.3870000;1402;456.402478102969
2018-06-21T15:26:19.3890000;1404;456.613971373638
2018-06-21T15:26:19.3910000;1406;455.979491561632
2018-06-21T15:26:19.3930000;1408;456.402478102969
2018-06-21T15:26:19.3950000;1410;455.556505020295
2018-06-21T15:26:19.3970000;1412;455.556505020295
2018-06-21T15:26:19.3990000;1414;455.556505020295
2018-06-21T15:26:19.4010000;1416;455.556505020295
2018-06-21T15:26:19.4030000;1418;455.345011749626
2018-06-21T15:26:19.4050000;1420;455.133518478958
2018-06-21T15:26:19.4070000;1422;454.922025208289
2018-06-21T15:26:19.4090000;1424;454.710531937620
2018-06-21T15:26:19.4110000;1426;454.710531937620
2018-06-21T15:26:19.4130000;1428;454.922025208289
2018-06-21T15:26:19.4150000;1430;455.556505020295
2018-06-21T15:26:19.4170000;1432;455.767998290963
2018-06-21T15:26:19.4190000;1434;456.402478102969
2018-06-21T15:26:19.4210000;1436;456.825464644307
2018-06-21T15:26:19.4230000;1438;457.036957914975
2018-06-21T15:26:19.4250000;1440;456.825464644307
2018-06-21T15:26:19.4270000;1442;457.248451185644
2018-06-21T15:26:19.4290000;1444;458.094424268319
2018-06-21T15:26:19.4310000;1446;458.517410809656
2018-06-21T15:26:19.4330000;1448;458.305917538987
2018-06-21T15:26:19.4350000;1450;458.517410809656
2018-06-21T15:26:19.4370000;1452;458.094424268319
2018-06-21T15:26:19.4390000;1454;457.882930997650
2018-06-21T15:26:19.4410000;1456;457.248451185644
2018-06-21T15:26:19.4430000;1458;456.613971373638
2018-06-21T15:26:19.4450000;1460;457.036957914975
2018-06-21T15:26:19.4470000;1462;457.248451185644
2018-06-21T15:26:19.4490000;1464;457.248451185644
2018-06-21T15:26:19.4510000;1466;457.459944456313
2018-06-21T15:26:19.4530000;1468;457.882930997650
2018-06-21T15:26:19.4550000;1470;457.459944456313
2018-06-21T15:26:19.4570000;1472;458.305917538987
2018-06-21T15:26:19.4590000;1474;458.305917538987
2018-06-21T15:26:19.4610000;1476;458.517410809656
2018-06-21T15:26:19.4630000;1478;458.940397350993
2018-06-21T15:26:19.4650000;1480;458.940397350993
2018-06-21T15:26:19.4670000;1482;458.517410809656
2018-06-21T15:26:19.4690000;1484;458.094424268319
2018-06-21T15:26:19.4710000;1486;457.248451185644
2018-06-21T15:26:19.4730000;1488;457.036957914975
2018-06-21T15:26:19.4750000;1490;456.825464644307
2018-06-21T15:26:19.4770000;1492;455.767998290963
2018-06-21T15:26:19.4790000;1494;455.556505020295
2018-06-21T15:26:19.4810000;1496;455.345011749626
2018-06-21T15:26:19.4830000;1498;455.556505020295
2018-06-21T15:26:19.4850000;1500;455.345011749626
2018-06-21T15:26:19.4870000;1502;455.133518478958
2018-06-21T15:26:19.4890000;1504;454.287545396283
2018-06-21T15:26:19.4910000;1506;453.653065584277
2018-06-21T15:26:19.4930000;1508;453.864558854946
2018-06-21T15:26:19.4950000;1510;453.864558854946
2018-06-21T15:26:19.4970000;1512;454.076052125614
2018-06-21T15:26:19.4990000;1514;454.287545396283
2018-06-21T15:26:19.5010000;1516;454.287545396283
2018-06-21T15:26:19.5030000;1518;454.287545396283
2018-06-21T15:26:19.5050000;1520;454.710531937620
2018-06-21T15:26:19.5070000;1522;455.556505020295
2018-06-21T15:26:19.5090000;1524;455.979491561632
2018-06-21T15:26:19.5110000;1526;456.825464644307
2018-06-21T15:26:19.5130000;1528;456.613971373638
2018-06-21T15:26:19.5150000;1530;456.613971373638
2018-06-21T15:26:19.5170000;1532;456.613971373638
2018-06-21T15:26:19.5190000;1534;456.825464644307
2018-06-21T15:26:19.5210000;1536;457.036957914975
2018-06-21T15:26:19.5230000;1538;456.825464644307
2018-06-21T15:26:19.5250000;1540;456.402478102969
2018-06-21T15:26:19.5270000;1542;455.979491561632
2018-06-21T15:26:19.5290000;1544;455.556505020295
2018-06-21T15:26:19.5310000;1546;455.767998290963
2018-06-21T15:26:19.5330000;1548;455.767998290963
2018-06-21T15:26:19.5350000;1550;455.345011749626
2018-06-21T15:26:19.5370000;1552;454.922025208289
2018-06-21T15:26:19.5390000;1554;454.287545396283
2018-06-21T15:26:19.5410000;1556;454.076052125614
2018-06-21T15:26:19.5430000;1558;453.653065584277
2018-06-21T15:26:19.5450000;1560;453.653065584277
2018-06-21T15:26:19.5470000;1562;453.441572313608
2018-06-21T15:26:19.5490000;1564;453.441572313608
2018-06-21T15:26:19.5510000;1566;453.230079042940
2018-06-21T15:26:19.5530000;1568;452.595599230934
2018-06-21T15:26:19.5550000;1570;453.441572313608
2018-06-21T15:26:19.5570000;1572;453.441572313608
2018-06-21T15:26:19.5590000;1574;453.441572313608
2018-06-21T15:26:19.5610000;1576;453.441572313608
2018-06-21T15:26:19.5630000;1578;453.441572313608
2018-06-21T15:26:19.5650000;1580;453.441572313608
2018-06-21T15:26:19.5670000;1582;453.441572313608
2018-06-21T15:26:19.5690000;1584;453.441572313608
2018-06-21T15:26:19.5710000;1586;453.653065584277
2018-06-21T15:26:19.5730000;1588;453.230079042940
2018-06-21T15:26:19.5750000;1590;453.230079042940
2018-06-21T15:26:19.5770000;1592;453.230079042940
2018-06-21T15:26:19.5790000;1594;453.018585772271
2018-06-21T15:26:19.5810000;1596;452.595599230934
2018-06-21T15:26:19.5830000;1598;451.961119418928
2018-06-21T15:26:19.5850000;1600;451.961119418928
2018-06-21T15:26:19.5870000;1602;451.749626148259
2018-06-21T15:26:19.5890000;1604;451.538132877590
2018-06-21T15:26:19.5910000;1606;451.538132877590
2018-06-21T15:26:19.5930000;1608;451.961119418928
2018-06-21T15:26:19.5950000;1610;452.172612689596
2018-06-21T15:26:19.5970000;1612;452.384105960265
2018-06-21T15:26:19.5990000;1614;453.018585772271
2018-06-21T15:26:19.6010000;1616;453.441572313608
2018-06-21T15:26:19.6030000;1618;454.710531937620
2018-06-21T15:26:19.6050000;1620;455.133518478958
2018-06-21T15:26:19.6070000;1622;455.556505020295
2018-06-21T15:26:19.6090000;1624;455.767998290963
2018-06-21T15:26:19.6110000;1626;455.979491561632
2018-06-21T15:26:19.6130000;1628;456.402478102969
2018-06-21T15:26:19.6150000;1630;456.613971373638
2018-06-21T15:26:19.6170000;1632;455.767998290963
2018-06-21T15:26:19.6190000;1634;455.767998290963
2018-06-21T15:26:19.6210000;1636;455.556505020295
2018-06-21T15:26:19.6230000;1638;455.345011749626
2018-06-21T15:26:19.6250000;1640;455.133518478958
2018-06-21T15:26:19.6270000;1642;454.076052125614
2018-06-21T15:26:19.6290000;1644;453.864558854946
2018-06-21T15:26:19.6310000;1646;453.230079042940
2018-06-21T15:26:19.6330000;1648;453.230079042940
2018-06-21T15:26:19.6350000;1650;453.230079042940
2018-06-21T15:26:19.6370000;1652;453.864558854946
2018-06-21T15:26:19.6390000;1654;454.287545396283
2018-06-21T15:26:19.6410000;1656;454.710531937620
2018-06-21T15:26:19.6430000;1658;454.710531937620
2018-06-21T15:26:19.6450000;1660;454.922025208289
2018-06-21T15:26:19.6470000;1662;455.556505020295
2018-06-21T15:26:19.6490000;1664;455.979491561632
2018-06-21T15:26:19.6510000;1666;456.402478102969
2018-06-21T15:26:19.6530000;1668;456.613971373638
2018-06-21T15:26:19.6550000;1670;456.402478102969
2018-06-21T15:26:19.6570000;1672;455.979491561632
2018-06-21T15:26:19.6590000;1674;455.767998290963
2018-06-21T15:26:19.6610000;1676;455.767998290963
2018-06-21T15:26:19.6630000;1678;455.556505020295
2018-06-21T15:26:19.6650000;1680;455.556505020295
2018-06-21T15:26:19.6670000;1682;455.556505020295
2018-06-21T15:26:19.6690000;1684;455.767998290963
2018-06-21T15:26:19.6710000;1686;455.979491561632
2018-06-21T15:26:19.6730000;1688;456.825464644307
2018-06-21T15:26:19.6750000;1690;456.613971373638
2018-06-21T15:26:19.6770000;1692;456.402478102969
2018-06-21T15:26:19.6790000;1694;455.767998290963
2018-06-21T15:26:19.6810000;1696;455.345011749626
2018-06-21T15:26:19.6830000;1698;454.922025208289
2018-06-21T15:26:19.6850000;1700;454.710531937620
2018-06-21T15:26:19.6870000;1702;454.710531937620
2018-06-21T15:26:19.6890000;1704;454.710531937620
2018-06-21T15:26:19.6910000;1706;454.710531937620
2018-06-21T15:26:19.6930000;1708;454.287545396283
2018-06-21T15:26:19.6950000;1710;453.864558854946
2018-06-21T15:26:19.6970000;1712;454.076052125614
2018-06-21T15:26:19.6990000;1714;454.287545396283
2018-06-21T15:26:19.7010000;1716;454.922025208289
2018-06-21T15:26:19.7030000;1718;454.922025208289
2018-06-21T15:26:19.7050000;1720;455.133518478958
2018-06-21T15:26:19.7070000;1722;455.133518478958
2018-06-21T15:26:19.7090000;1724;454.710531937620
2018-06-21T15:26:19.7110000;1726;454.076052125614
2018-06-21T15:26:19.7130000;1728;453.230079042940
2018-06-21T15:26:19.7150000;1730;453.230079042940
2018-06-21T15:26:19.7170000;1732;452.595599230934
2018-06-21T15:26:19.7190000;1734;453.230079042940
2018-06-21T15:26:19.7210000;1736;453.018585772271
2018-06-21T15:26:19.7230000;1738;452.384105960265
2018-06-21T15:26:19.7250000;1740;452.384105960265
2018-06-21T15:26:19.7270000;1742;452.384105960265
2018-06-21T15:26:19.7290000;1744;452.384105960265
2018-06-21T15:26:19.7310000;1746;452.595599230934
2018-06-21T15:26:19.7330000;1748;453.230079042940
2018-06-21T15:26:19.7350000;1750;453.230079042940
2018-06-21T15:26:19.7370000;1752;453.653065584277
2018-06-21T15:26:19.7390000;1754;453.653065584277
2018-06-21T15:26:19.7410000;1756;453.653065584277
2018-06-21T15:26:19.7430000;1758;454.287545396283
2018-06-21T15:26:19.7450000;1760;454.287545396283
2018-06-21T15:26:19.7470000;1762;454.710531937620
2018-06-21T15:26:19.7490000;1764;454.922025208289
2018-06-21T15:26:19.7510000;1766;454.710531937620
2018-06-21T15:26:19.7530000;1768;455.133518478958
2018-06-21T15:26:19.7550000;1770;455.345011749626
2018-06-21T15:26:19.7570000;1772;455.345011749626
2018-06-21T15:26:19.7590000;1774;455.345011749626
2018-06-21T15:26:19.7610000;1776;455.345011749626
2018-06-21T15:26:19.7630000;1778;455.767998290963
2018-06-21T15:26:19.7650000;1780;455.556505020295
2018-06-21T15:26:19.7670000;1782;455.767998290963
2018-06-21T15:26:19.7690000;1784;455.345011749626
2018-06-21T15:26:19.7710000;1786;455.556505020295
2018-06-21T15:26:19.7730000;1788;454.922025208289
2018-06-21T15:26:19.7750000;1790;454.710531937620
2018-06-21T15:26:19.7770000;1792;454.287545396283
2018-06-21T15:26:19.7790000;1794;454.922025208289
2018-06-21T15:26:19.7810000;1796;454.076052125614
2018-06-21T15:26:19.7830000;1798;453.864558854946
2018-06-21T15:26:19.7850000;1800;453.653065584277
2018-06-21T15:26:19.7870000;1802;453.441572313608
2018-06-21T15:26:19.7890000;1804;453.653065584277
2018-06-21T15:26:19.7910000;1806;453.441572313608
2018-06-21T15:26:19.7930000;1808;453.653065584277
2018-06-21T15:26:19.7950000;1810;453.864558854946
2018-06-21T15:26:19.7970000;1812;453.653065584277
2018-06-21T15:26:19.7990000;1814;453.441572313608
2018-06-21T15:26:19.8010000;1816;453.864558854946
2018-06-21T15:26:19.8030000;1818;453.653065584277
2018-06-21T15:26:19.8050000;1820;454.076052125614
2018-06-21T15:26:19.8070000;1822;454.076052125614
2018-06-21T15:26:19.8090000;1824;454.287545396283
2018-06-21T15:26:19.8110000;1826;454.922025208289
2018-06-21T15:26:19.8130000;1828;455.133518478958
2018-06-21T15:26:19.8150000;1830;455.345011749626
2018-06-21T15:26:19.8170000;1832;455.133518478958
2018-06-21T15:26:19.8190000;1834;454.287545396283
2018-06-21T15:26:19.8210000;1836;454.287545396283
2018-06-21T15:26:19.8230000;1838;454.287545396283
2018-06-21T15:26:19.8250000;1840;454.287545396283
2018-06-21T15:26:19.8270000;1842;454.922025208289
2018-06-21T15:26:19.8290000;1844;454.710531937620
2018-06-21T15:26:19.8310000;1846;454.287545396283
2018-06-21T15:26:19.8330000;1848;454.076052125614
2018-06-21T15:26:19.8350000;1850;454.287545396283
2018-06-21T15:26:19.8370000;1852;454.710531937620
2018-06-21T15:26:19.8390000;1854;455.767998290963
2018-06-21T15:26:19.8410000;1856;456.613971373638
2018-06-21T15:26:19.8430000;1858;456.825464644307
2018-06-21T15:26:19.8450000;1860;457.248451185644
2018-06-21T15:26:19.8470000;1862;456.825464644307
2018-06-21T15:26:19.8490000;1864;456.825464644307
2018-06-21T15:26:19.8510000;1866;456.825464644307
2018-06-21T15:26:19.8530000;1868;457.248451185644
2018-06-21T15:26:19.8550000;1870;457.248451185644
2018-06-21T15:26:19.8570000;1872;457.248451185644
2018-06-21T15:26:19.8590000;1874;456.825464644307
2018-06-21T15:26:19.8610000;1876;456.402478102969
2018-06-21T15:26:19.8630000;1878;456.402478102969
2018-06-21T15:26:19.8650000;1880;455.767998290963
2018-06-21T15:26:19.8670000;1882;455.133518478958
2018-06-21T15:26:19.8690000;1884;454.922025208289
2018-06-21T15:26:19.8710000;1886;454.710531937620
2018-06-21T15:26:19.8730000;1888;454.287545396283
2018-06-21T15:26:19.8750000;1890;454.710531937620
2018-06-21T15:26:19.8770000;1892;454.076052125614
2018-06-21T15:26:19.8790000;1894;454.287545396283
2018-06-21T15:26:19.8810000;1896;454.287545396283
2018-06-21T15:26:19.8830000;1898;454.287545396283
2018-06-21T15:26:19.8850000;1900;454.287545396283
2018-06-21T15:26:19.8870000;1902;454.922025208289
2018-06-21T15:26:19.8890000;1904;454.922025208289
2018-06-21T15:26:19.8910000;1906;454.922025208289
2018-06-21T15:26:19.8930000;1908;455.345011749626
2018-06-21T15:26:19.8950000;1910;455.345011749626
2018-06-21T15:26:19.8970000;1912;455.556505020295
2018-06-21T15:26:19.8990000;1914;455.345011749626
2018-06-21T15:26:19.9010000;1916;455.133518478958
2018-06-21T15:26:19.9030000;1918;455.345011749626
2018-06-21T15:26:19.9050000;1920;455.556505020295
2018-06-21T15:26:19.9070000;1922;455.767998290963
2018-06-21T15:26:19.9090000;1924;455.767998290963
2018-06-21T15:26:19.9110000;1926;455.556505020295
2018-06-21T15:26:19.9130000;1928;454.710531937620
2018-06-21T15:26:19.9150000;1930;454.287545396283
2018-06-21T15:26:19.9170000;1932;454.076052125614
2018-06-21T15:26:19.9190000;1934;454.076052125614
2018-06-21T15:26:19.9210000;1936;454.076052125614
2018-06-21T15:26:19.9230000;1938;453.864558854946
2018-06-21T15:26:19.9250000;1940;454.076052125614
2018-06-21T15:26:19.9270000;1942;453.653065584277
2018-06-21T15:26:19.9290000;1944;454.076052125614
2018-06-21T15:26:19.9310000;1946;454.287545396283
2018-06-21T15:26:19.9330000;1948;454.287545396283
2018-06-21T15:26:19.9350000;1950;454.922025208289
2018-06-21T15:26:19.9370000;1952;455.133518478958
2018-06-21T15:26:19.9390000;1954;455.133518478958
2018-06-21T15:26:19.9410000;1956;455.345011749626
2018-06-21T15:26:19.9430000;1958;455.345011749626
2018-06-21T15:26:19.9450000;1960;454.922025208289
2018-06-21T15:26:19.9470000;1962;455.133518478958
2018-06-21T15:26:19.9490000;1964;454.710531937620
2018-06-21T15:26:19.9510000;1966;454.922025208289
2018-06-21T15:26:19.9530000;1968;455.345011749626
2018-06-21T15:26:19.9550000;1970;455.133518478958
2018-06-21T15:26:19.9570000;1972;454.287545396283
2018-06-21T15:26:19.9590000;1974;453.018585772271
2018-06-21T15:26:19.9610000;1976;451.749626148259
2018-06-21T15:26:19.9630000;1978;451.749626148259
2018-06-21T15:26:19.9650000;1980;451.538132877590
2018-06-21T15:26:19.9670000;1982;451.538132877590
2018-06-21T15:26:19.9690000;1984;451.115146336253
2018-06-21T15:26:19.9710000;1986;451.115146336253
2018-06-21T15:26:19.9730000;1988;450.903653065584
2018-06-21T15:26:19.9750000;1990;451.115146336253
2018-06-21T15:26:19.9770000;1992;451.961119418928
2018-06-21T15:26:19.9790000;1994;453.441572313608
2018-06-21T15:26:19.9810000;1996;454.076052125614
2018-06-21T15:26:19.9830000;1998;454.710531937620
2018-06-21T15:26:19.9850000;2000;454.287545396283
2018-06-21T15:26:19.9870000;2002;455.345011749626
2018-06-21T15:26:19.9890000;2004;455.556505020295
2018-06-21T15:26:19.9910000;2006;455.979491561632
2018-06-21T15:26:19.9930000;2008;456.825464644307
2018-06-21T15:26:19.9950000;2010;456.825464644307
2018-06-21T15:26:19.9970000;2012;457.036957914975
2018-06-21T15:26:19.9990000;2014;457.248451185644
2018-06-21T15:26:20.0010000;2016;457.248451185644
2018-06-21T15:26:20.0030000;2018;457.248451185644
2018-06-21T15:26:20.0050000;2020;457.882930997650
2018-06-21T15:26:20.0070000;2022;457.036957914975
2018-06-21T15:26:20.0090000;2024;456.825464644307
2018-06-21T15:26:20.0110000;2026;456.825464644307
2018-06-21T15:26:20.0130000;2028;455.979491561632
2018-06-21T15:26:20.0150000;2030;456.402478102969
2018-06-21T15:26:20.0170000;2032;455.767998290963
2018-06-21T15:26:20.0190000;2034;455.979491561632
2018-06-21T15:26:20.0210000;2036;455.767998290963
2018-06-21T15:26:20.0230000;2038;455.767998290963
2018-06-21T15:26:20.0250000;2040;455.556505020295
2018-06-21T15:26:20.0270000;2042;455.767998290963
2018-06-21T15:26:20.0290000;2044;455.767998290963
2018-06-21T15:26:20.0310000;2046;455.345011749626
2018-06-21T15:26:20.0330000;2048;455.345011749626
2018-06-21T15:26:20.0350000;2050;455.133518478958
2018-06-21T15:26:20.0370000;2052;454.922025208289
2018-06-21T15:26:20.0390000;2054;454.710531937620
2018-06-21T15:26:20.0410000;2056;454.922025208289
2018-06-21T15:26:20.0430000;2058;455.133518478958
2018-06-21T15:26:20.0450000;2060;455.767998290963
2018-06-21T15:26:20.0470000;2062;456.402478102969
2018-06-21T15:26:20.0490000;2064;456.402478102969
2018-06-21T15:26:20.0510000;2066;455.767998290963
2018-06-21T15:26:20.0530000;2068;455.345011749626
2018-06-21T15:26:20.0550000;2070;455.345011749626
2018-06-21T15:26:20.0570000;2072;455.556505020295
2018-06-21T15:26:20.0590000;2074;455.556505020295
2018-06-21T15:26:20.0610000;2076;455.556505020295
2018-06-21T15:26:20.0630000;2078;455.133518478958
2018-06-21T15:26:20.0650000;2080;454.287545396283
2018-06-21T15:26:20.0670000;2082;454.287545396283
2018-06-21T15:26:20.0690000;2084;454.287545396283
2018-06-21T15:26:20.0710000;2086;455.345011749626
2018-06-21T15:26:20.0730000;2088;455.979491561632
2018-06-21T15:26:20.0750000;2090;456.402478102969
2018-06-21T15:26:20.0770000;2092;456.402478102969
2018-06-21T15:26:20.0790000;2094;455.979491561632
2018-06-21T15:26:20.0810000;2096;455.767998290963
2018-06-21T15:26:20.0830000;2098;455.979491561632
2018-06-21T15:26:20.0850000;2100;455.979491561632
2018-06-21T15:26:20.0870000;2102;455.556505020295
2018-06-21T15:26:20.0890000;2104;455.345011749626
2018-06-21T15:26:20.0910000;2106;455.345011749626
2018-06-21T15:26:20.0930000;2108;455.556505020295
2018-06-21T15:26:20.0950000;2110;455.345011749626
2018-06-21T15:26:20.0970000;2112;455.345011749626
2018-06-21T15:26:20.0990000;2114;455.345011749626
2018-06-21T15:26:20.1010000;2116;455.133518478958
2018-06-21T15:26:20.1030000;2118;455.133518478958
2018-06-21T15:26:20.1050000;2120;455.133518478958
2018-06-21T15:26:20.1070000;2122;455.556505020295
2018-06-21T15:26:20.1090000;2124;455.556505020295
2018-06-21T15:26:20.1110000;2126;455.133518478958
2018-06-21T15:26:20.1130000;2128;454.710531937620
2018-06-21T15:26:20.1150000;2130;454.922025208289
2018-06-21T15:26:20.1170000;2132;454.922025208289
2018-06-21T15:26:20.1190000;2134;455.345011749626
2018-06-21T15:26:20.1210000;2136;455.556505020295
2018-06-21T15:26:20.1230000;2138;455.556505020295
2018-06-21T15:26:20.1250000;2140;455.556505020295
2018-06-21T15:26:20.1270000;2142;455.345011749626
2018-06-21T15:26:20.1290000;2144;455.767998290963
2018-06-21T15:26:20.1310000;2146;455.979491561632
2018-06-21T15:26:20.1330000;2148;455.979491561632
2018-06-21T15:26:20.1350000;2150;455.767998290963
2018-06-21T15:26:20.1370000;2152;455.979491561632
2018-06-21T15:26:20.1390000;2154;455.979491561632
2018-06-21T15:26:20.1410000;2156;456.402478102969
2018-06-21T15:26:20.1430000;2158;456.402478102969
2018-06-21T15:26:20.1450000;2160;455.767998290963
2018-06-21T15:26:20.1470000;2162;455.345011749626
2018-06-21T15:26:20.1490000;2164;454.710531937620
2018-06-21T15:26:20.1510000;2166;453.864558854946
2018-06-21T15:26:20.1530000;2168;454.076052125614
2018-06-21T15:26:20.1550000;2170;454.076052125614
2018-06-21T15:26:20.1570000;2172;454.287545396283
2018-06-21T15:26:20.1590000;2174;454.710531937620
2018-06-21T15:26:20.1610000;2176;454.710531937620
2018-06-21T15:26:20.1630000;2178;454.710531937620
2018-06-21T15:26:20.1650000;2180;455.345011749626
2018-06-21T15:26:20.1670000;2182;455.556505020295
2018-06-21T15:26:20.1690000;2184;455.556505020295
2018-06-21T15:26:20.1710000;2186;455.556505020295
2018-06-21T15:26:20.1730000;2188;455.133518478958
2018-06-21T15:26:20.1750000;2190;454.922025208289
2018-06-21T15:26:20.1770000;2192;454.710531937620
2018-06-21T15:26:20.1790000;2194;454.287545396283
2018-06-21T15:26:20.1810000;2196;454.076052125614
2018-06-21T15:26:20.1830000;2198;454.287545396283
2018-06-21T15:26:20.1850000;2200;454.710531937620
2018-06-21T15:26:20.1870000;2202;454.922025208289
2018-06-21T15:26:20.1890000;2204;455.133518478958
2018-06-21T15:26:20.1910000;2206;455.556505020295
2018-06-21T15:26:20.1930000;2208;455.767998290963
2018-06-21T15:26:20.1950000;2210;455.979491561632
2018-06-21T15:26:20.1970000;2212;456.402478102969
2018-06-21T15:26:20.1990000;2214;456.402478102969
2018-06-21T15:26:20.2010000;2216;456.825464644307
2018-06-21T15:26:20.2030000;2218;457.036957914975
2018-06-21T15:26:20.2050000;2220;457.036957914975
2018-06-21T15:26:20.2070000;2222;457.036957914975
2018-06-21T15:26:20.2090000;2224;456.825464644307
2018-06-21T15:26:20.2110000;2226;456.825464644307
2018-06-21T15:26:20.2130000;2228;457.248451185644
2018-06-21T15:26:20.2150000;2230;457.248451185644
2018-06-21T15:26:20.2170000;2232;457.248451185644
2018-06-21T15:26:20.2190000;2234;457.882930997650
2018-06-21T15:26:20.2210000;2236;457.036957914975
2018-06-21T15:26:20.2230000;2238;457.248451185644
2018-06-21T15:26:20.2250000;2240;457.036957914975
2018-06-21T15:26:20.2270000;2242;457.036957914975
2018-06-21T15:26:20.2290000;2244;457.036957914975
2018-06-21T15:26:20.2310000;2246;457.459944456313
2018-06-21T15:26:20.2330000;2248;457.459944456313
2018-06-21T15:26:20.2350000;2250;457.882930997650
2018-06-21T15:26:20.2370000;2252;457.459944456313
2018-06-21T15:26:20.2390000;2254;457.248451185644
2018-06-21T15:26:20.2410000;2256;456.613971373638
2018-06-21T15:26:20.2430000;2258;456.402478102969
2018-06-21T15:26:20.2450000;2260;456.613971373638
2018-06-21T15:26:20.2470000;2262;456.825464644307
2018-06-21T15:26:20.2490000;2264;456.825464644307
2018-06-21T15:26:20.2510000;2266;456.402478102969
2018-06-21T15:26:20.2530000;2268;455.767998290963
2018-06-21T15:26:20.2550000;2270;455.345011749626
2018-06-21T15:26:20.2570000;2272;455.556505020295
2018-06-21T15:26:20.2590000;2274;455.556505020295
2018-06-21T15:26:20.2610000;2276;456.402478102969
2018-06-21T15:26:20.2630000;2278;456.402478102969
2018-06-21T15:26:20.2650000;2280;456.613971373638
2018-06-21T15:26:20.2670000;2282;456.402478102969
2018-06-21T15:26:20.2690000;2284;455.767998290963
2018-06-21T15:26:20.2710000;2286;456.402478102969
2018-06-21T15:26:20.2730000;2288;456.402478102969
2018-06-21T15:26:20.2750000;2290;456.825464644307
2018-06-21T15:26:20.2770000;2292;456.825464644307
2018-06-21T15:26:20.2790000;2294;457.036957914975
2018-06-21T15:26:20.2810000;2296;457.036957914975
2018-06-21T15:26:20.2830000;2298;457.459944456313
2018-06-21T15:26:20.2850000;2300;457.248451185644
2018-06-21T15:26:20.2870000;2302;456.613971373638
2018-06-21T15:26:20.2890000;2304;456.613971373638
2018-06-21T15:26:20.2910000;2306;457.036957914975
2018-06-21T15:26:20.2930000;2308;457.248451185644
2018-06-21T15:26:20.2950000;2310;457.248451185644
2018-06-21T15:26:20.2970000;2312;456.825464644307
2018-06-21T15:26:20.2990000;2314;456.613971373638
2018-06-21T15:26:20.3010000;2316;456.613971373638
2018-06-21T15:26:20.3030000;2318;455.979491561632
2018-06-21T15:26:20.3050000;2320;455.979491561632
2018-06-21T15:26:20.3070000;2322;457.248451185644
2018-06-21T15:26:20.3090000;2324;457.882930997650
2018-06-21T15:26:20.3110000;2326;457.036957914975
2018-06-21T15:26:20.3130000;2328;456.825464644307
2018-06-21T15:26:20.3150000;2330;456.825464644307
2018-06-21T15:26:20.3170000;2332;456.613971373638
2018-06-21T15:26:20.3190000;2334;456.613971373638
2018-06-21T15:26:20.3210000;2336;456.613971373638
2018-06-21T15:26:20.3230000;2338;456.825464644307
2018-06-21T15:26:20.3250000;2340;456.825464644307
2018-06-21T15:26:20.3270000;2342;456.402478102969
2018-06-21T15:26:20.3290000;2344;455.767998290963
2018-06-21T15:26:20.3310000;2346;455.556505020295
2018-06-21T15:26:20.3330000;2348;455.345011749626
2018-06-21T15:26:20.3350000;2350;454.710531937620
2018-06-21T15:26:20.3370000;2352;454.922025208289
2018-06-21T15:26:20.3390000;2354;454.922025208289
2018-06-21T15:26:20.3410000;2356;454.922025208289
2018-06-21T15:26:20.3430000;2358;455.133518478958
2018-06-21T15:26:20.3450000;2360;454.922025208289
2018-06-21T15:26:20.3470000;2362;455.133518478958
2018-06-21T15:26:20.3490000;2364;455.345011749626
2018-06-21T15:26:20.3510000;2366;455.345011749626
2018-06-21T15:26:20.3530000;2368;455.556505020295
2018-06-21T15:26:20.3550000;2370;455.556505020295
2018-06-21T15:26:20.3570000;2372;455.767998290963
2018-06-21T15:26:20.3590000;2374;455.345011749626
2018-06-21T15:26:20.3610000;2376;455.556505020295
2018-06-21T15:26:20.3630000;2378;455.133518478958
2018-06-21T15:26:20.3650000;2380;455.133518478958
2018-06-21T15:26:20.3670000;2382;454.922025208289
2018-06-21T15:26:20.3690000;2384;454.922025208289
2018-06-21T15:26:20.3710000;2386;455.133518478958
2018-06-21T15:26:20.3730000;2388;455.556505020295
2018-06-21T15:26:20.3750000;2390;455.979491561632
2018-06-21T15:26:20.3770000;2392;456.402478102969
2018-06-21T15:26:20.3790000;2394;455.979491561632
2018-06-21T15:26:20.3810000;2396;455.345011749626
2018-06-21T15:26:20.3830000;2398;455.556505020295
2018-06-21T15:26:20.3850000;2400;455.767998290963
2018-06-21T15:26:20.3870000;2402;455.345011749626
2018-06-21T15:26:20.3890000;2404;454.922025208289
2018-06-21T15:26:20.3910000;2406;454.287545396283
2018-06-21T15:26:20.3930000;2408;453.864558854946
2018-06-21T15:26:20.3950000;2410;453.653065584277
2018-06-21T15:26:20.3970000;2412;453.653065584277
2018-06-21T15:26:20.3990000;2414;454.076052125614
2018-06-21T15:26:20.4010000;2416;454.710531937620
2018-06-21T15:26:20.4030000;2418;454.922025208289
2018-06-21T15:26:20.4050000;2420;454.922025208289
2018-06-21T15:26:20.4070000;2422;455.133518478958
2018-06-21T15:26:20.4090000;2424;455.556505020295
2018-06-21T15:26:20.4110000;2426;455.556505020295
2018-06-21T15:26:20.4130000;2428;455.767998290963
2018-06-21T15:26:20.4150000;2430;455.767998290963
2018-06-21T15:26:20.4170000;2432;455.767998290963
2018-06-21T15:26:20.4190000;2434;455.767998290963
2018-06-21T15:26:20.4210000;2436;455.556505020295
2018-06-21T15:26:20.4230000;2438;455.345011749626
2018-06-21T15:26:20.4250000;2440;455.767998290963
2018-06-21T15:26:20.4270000;2442;454.287545396283
2018-06-21T15:26:20.4290000;2444;454.076052125614
2018-06-21T15:26:20.4310000;2446;454.287545396283
2018-06-21T15:26:20.4330000;2448;454.287545396283
2018-06-21T15:26:20.4350000;2450;454.076052125614
2018-06-21T15:26:20.4370000;2452;453.864558854946
2018-06-21T15:26:20.4390000;2454;454.076052125614
2018-06-21T15:26:20.4410000;2456;454.076052125614
2018-06-21T15:26:20.4430000;2458;453.864558854946
2018-06-21T15:26:20.4450000;2460;453.230079042940
2018-06-21T15:26:20.4470000;2462;454.922025208289
2018-06-21T15:26:20.4490000;2464;455.133518478958
2018-06-21T15:26:20.4510000;2466;455.556505020295
2018-06-21T15:26:20.4530000;2468;455.556505020295
2018-06-21T15:26:20.4550000;2470;455.556505020295
2018-06-21T15:26:20.4570000;2472;455.556505020295
2018-06-21T15:26:20.4590000;2474;455.345011749626
2018-06-21T15:26:20.4610000;2476;455.345011749626
2018-06-21T15:26:20.4630000;2478;455.345011749626
2018-06-21T15:26:20.4650000;2480;455.345011749626
2018-06-21T15:26:20.4670000;2482;455.556505020295
2018-06-21T15:26:20.4690000;2484;455.133518478958
2018-06-21T15:26:20.4710000;2486;455.345011749626
2018-06-21T15:26:20.4730000;2488;455.133518478958
2018-06-21T15:26:20.4750000;2490;455.133518478958
2018-06-21T15:26:20.4770000;2492;454.710531937620
2018-06-21T15:26:20.4790000;2494;454.287545396283
2018-06-21T15:26:20.4810000;2496;454.287545396283
2018-06-21T15:26:20.4830000;2498;454.710531937620
2018-06-21T15:26:20.4850000;2500;454.710531937620
2018-06-21T15:26:20.4870000;2502;453.864558854946
2018-06-21T15:26:20.4890000;2504;454.287545396283
2018-06-21T15:26:20.4910000;2506;454.076052125614
2018-06-21T15:26:20.4930000;2508;454.287545396283
2018-06-21T15:26:20.4950000;2510;454.710531937620
2018-06-21T15:26:20.4970000;2512;455.133518478958
2018-06-21T15:26:20.4990000;2514;455.133518478958
2018-06-21T15:26:20.5010000;2516;454.710531937620
2018-06-21T15:26:20.5030000;2518;454.710531937620
2018-06-21T15:26:20.5050000;2520;454.287545396283
2018-06-21T15:26:20.5070000;2522;454.287545396283
2018-06-21T15:26:20.5090000;2524;454.076052125614
2018-06-21T15:26:20.5110000;2526;454.287545396283
2018-06-21T15:26:20.5130000;2528;454.076052125614
2018-06-21T15:26:20.5150000;2530;454.076052125614
2018-06-21T15:26:20.5170000;2532;453.864558854946
2018-06-21T15:26:20.5190000;2534;454.076052125614
2018-06-21T15:26:20.5210000;2536;454.287545396283
2018-06-21T15:26:20.5230000;2538;454.287545396283
2018-06-21T15:26:20.5250000;2540;454.076052125614
2018-06-21T15:26:20.5270000;2542;454.922025208289
2018-06-21T15:26:20.5290000;2544;454.710531937620
2018-06-21T15:26:20.5310000;2546;453.864558854946
2018-06-21T15:26:20.5330000;2548;453.441572313608
2018-06-21T15:26:20.5350000;2550;453.441572313608
2018-06-21T15:26:20.5370000;2552;453.441572313608
2018-06-21T15:26:20.5390000;2554;453.230079042940
2018-06-21T15:26:20.5410000;2556;453.441572313608
2018-06-21T15:26:20.5430000;2558;453.441572313608
2018-06-21T15:26:20.5450000;2560;453.441572313608
2018-06-21T15:26:20.5470000;2562;453.230079042940
2018-06-21T15:26:20.5490000;2564;453.653065584277
2018-06-21T15:26:20.5510000;2566;454.287545396283
2018-06-21T15:26:20.5530000;2568;454.922025208289
2018-06-21T15:26:20.5550000;2570;454.922025208289
2018-06-21T15:26:20.5570000;2572;454.922025208289
2018-06-21T15:26:20.5590000;2574;454.922025208289
2018-06-21T15:26:20.5610000;2576;455.133518478958
2018-06-21T15:26:20.5630000;2578;455.133518478958
2018-06-21T15:26:20.5650000;2580;454.922025208289
2018-06-21T15:26:20.5670000;2582;454.287545396283
2018-06-21T15:26:20.5690000;2584;454.287545396283
2018-06-21T15:26:20.5710000;2586;454.076052125614
2018-06-21T15:26:20.5730000;2588;453.864558854946
2018-06-21T15:26:20.5750000;2590;453.864558854946
2018-06-21T15:26:20.5770000;2592;453.864558854946
2018-06-21T15:26:20.5790000;2594;453.864558854946
2018-06-21T15:26:20.5810000;2596;453.653065584277
2018-06-21T15:26:20.5830000;2598;453.653065584277
2018-06-21T15:26:20.5850000;2600;453.653065584277
2018-06-21T15:26:20.5870000;2602;454.076052125614
2018-06-21T15:26:20.5890000;2604;454.287545396283
2018-06-21T15:26:20.5910000;2606;454.710531937620
2018-06-21T15:26:20.5930000;2608;454.710531937620
2018-06-21T15:26:20.5950000;2610;454.710531937620
2018-06-21T15:26:20.5970000;2612;454.710531937620
2018-06-21T15:26:20.5990000;2614;454.287545396283
2018-06-21T15:26:20.6010000;2616;454.922025208289
2018-06-21T15:26:20.6030000;2618;454.710531937620
2018-06-21T15:26:20.6050000;2620;454.922025208289
2018-06-21T15:26:20.6070000;2622;454.287545396283
2018-06-21T15:26:20.6090000;2624;454.076052125614
2018-06-21T15:26:20.6110000;2626;453.864558854946
2018-06-21T15:26:20.6130000;2628;453.441572313608
2018-06-21T15:26:20.6150000;2630;453.441572313608
2018-06-21T15:26:20.6170000;2632;453.018585772271
2018-06-21T15:26:20.6190000;2634;453.018585772271
2018-06-21T15:26:20.6210000;2636;452.384105960265
2018-06-21T15:26:20.6230000;2638;452.384105960265
2018-06-21T15:26:20.6250000;2640;452.172612689596
2018-06-21T15:26:20.6270000;2642;452.172612689596
2018-06-21T15:26:20.6290000;2644;452.172612689596
2018-06-21T15:26:20.6310000;2646;451.961119418928
2018-06-21T15:26:20.6330000;2648;452.384105960265
2018-06-21T15:26:20.6350000;2650;452.595599230934
2018-06-21T15:26:20.6370000;2652;453.230079042940
2018-06-21T15:26:20.6390000;2654;453.441572313608
2018-06-21T15:26:20.6410000;2656;453.864558854946
2018-06-21T15:26:20.6430000;2658;454.076052125614
2018-06-21T15:26:20.6450000;2660;454.922025208289
2018-06-21T15:26:20.6470000;2662;455.345011749626
2018-06-21T15:26:20.6490000;2664;455.767998290963
2018-06-21T15:26:20.6510000;2666;456.402478102969
2018-06-21T15:26:20.6530000;2668;456.613971373638
2018-06-21T15:26:20.6550000;2670;456.825464644307
2018-06-21T15:26:20.6570000;2672;457.036957914975
2018-06-21T15:26:20.6590000;2674;456.825464644307
2018-06-21T15:26:20.6610000;2676;456.613971373638
2018-06-21T15:26:20.6630000;2678;456.402478102969
2018-06-21T15:26:20.6650000;2680;455.767998290963
2018-06-21T15:26:20.6670000;2682;455.767998290963
2018-06-21T15:26:20.6690000;2684;455.556505020295
2018-06-21T15:26:20.6710000;2686;455.767998290963
2018-06-21T15:26:20.6730000;2688;455.767998290963
2018-06-21T15:26:20.6750000;2690;455.979491561632
2018-06-21T15:26:20.6770000;2692;455.979491561632
2018-06-21T15:26:20.6790000;2694;456.613971373638
2018-06-21T15:26:20.6810000;2696;456.825464644307
2018-06-21T15:26:20.6830000;2698;456.825464644307
2018-06-21T15:26:20.6850000;2700;456.825464644307
2018-06-21T15:26:20.6870000;2702;457.036957914975
2018-06-21T15:26:20.6890000;2704;457.036957914975
2018-06-21T15:26:20.6910000;2706;457.248451185644
2018-06-21T15:26:20.6930000;2708;457.036957914975
2018-06-21T15:26:20.6950000;2710;456.825464644307
2018-06-21T15:26:20.6970000;2712;456.613971373638
2018-06-21T15:26:20.6990000;2714;455.979491561632
2018-06-21T15:26:20.7010000;2716;455.767998290963
2018-06-21T15:26:20.7030000;2718;455.979491561632
2018-06-21T15:26:20.7050000;2720;456.402478102969
2018-06-21T15:26:20.7070000;2722;455.767998290963
2018-06-21T15:26:20.7090000;2724;455.345011749626
2018-06-21T15:26:20.7110000;2726;454.922025208289
2018-06-21T15:26:20.7130000;2728;455.345011749626
2018-06-21T15:26:20.7150000;2730;455.133518478958
2018-06-21T15:26:20.7170000;2732;455.133518478958
2018-06-21T15:26:20.7190000;2734;455.345011749626
2018-06-21T15:26:20.7210000;2736;455.345011749626
2018-06-21T15:26:20.7230000;2738;455.133518478958
2018-06-21T15:26:20.7250000;2740;455.133518478958
